<!-- Indices written at Wed, 21 Mar 2012 09:20:02 UTC -->

<datastore-indexes>

    <!-- Used 4 times in query history -->
    <datastore-index kind="ExtendedCourse" ancestor="false" source="auto">
        <property name="school" direction="asc"/>
        <property name="title" direction="asc"/>
    </datastore-index>

    <!-- Used 13 times in query history -->
    <datastore-index kind="ExtendedSchool" ancestor="false" source="auto">
        <property name="town" direction="asc"/>
        <property name="name" direction="asc"/>
    </datastore-index>

    <!-- Used 12 times in query history -->
    <datastore-index kind="ExtendedCourse" ancestor="false" source="auto">
        <property name="mediationService" direction="asc"/>
        <property name="title" direction="asc"/>
    </datastore-index>

</datastore-indexes>
